sheet_row,API Family,Group,Endpoint Name,Method,Description,Proposed scope,Auth Type,Docs URL,Consent category,API Path,Operation ID,Environment,mapping handled?
2,Content APIs (v4),Audio,Get timestamp range,GET,Find the timestamp range for a reciter audio (chapter / verse / word level),Audio scope,App credentials,https://api-docs.quran.foundation/docs/content_apis_versioned/4.0.0/audio-reciter-timestamp/,,/audio/reciters/{reciter_id}/timestamp,audio-reciter-timestamp,Live,
3,Content APIs (v4),Audio,Lookup verse by timestamp,GET,Reverse-lookup which verse/word plays at a given millisecond offset,Audio scope,App credentials,https://api-docs.quran.foundation/docs/content_apis_versioned/4.0.0/audio-reciter-lookup/,,/audio/reciters/{reciter_id}/lookup,audio-reciter-lookup,Live,
4,Content APIs (v4),Audio,Recitations,GET,List all available ayah-by-ayah recitations,Audio scope,App credentials,https://api-docs.quran.foundation/docs/content_apis_versioned/4.0.0/recitations/,,/resources/recitations,recitations,Live,
5,Content APIs (v4),Audio,Get list of audio files of single recitation,GET,Get all audio file URLs for a specific ayah-by-ayah recitation,Audio scope,App credentials,https://api-docs.quran.foundation/docs/content_apis_versioned/4.0.0/recitation-audio-files/,,/quran/recitations/{recitation_id},recitation-audio-files,Live,
6,Content APIs (v4),Audio,List of Chapter Reciters,GET,List all reciters who have full-chapter audio available,Audio scope,App credentials,https://api-docs.quran.foundation/docs/content_apis_versioned/4.0.0/chapter-reciters/,,/resources/chapter_reciters,chapter-reciters,Live,
7,Content APIs (v4),Audio,Get Ayah recitations for specific Surah,GET,Return per-ayah audio URLs for a given Surah and recitation,Audio scope,App credentials,https://api-docs.quran.foundation/docs/content_apis_versioned/4.0.0/list-surah-recitation/,,/recitations/{recitation_id}/by_chapter/{chapter_number},list-surah-recitation,Live,
8,Content APIs (v4),Audio,Get Ayah recitations for specific Juz,GET,Return per-ayah audio URLs for a given Juz and recitation,Audio scope,App credentials,https://api-docs.quran.foundation/docs/content_apis_versioned/4.0.0/list-juz-recitation/,,/recitations/{recitation_id}/by_juz/{juz_number},list-juz-recitation,Live,
9,Content APIs (v4),Audio,Get Ayah recitations for specific Madani Mushaf page,GET,Return per-ayah audio URLs for a Madani Mushaf page,Audio scope,App credentials,https://api-docs.quran.foundation/docs/content_apis_versioned/4.0.0/list-page-recitation/,,/recitations/{recitation_id}/by_page/{page_number},list-page-recitation,Live,
10,Content APIs (v4),Audio,Get Ayah recitations for specific Rub el Hizb,GET,Return per-ayah audio URLs for a Rub el Hizb,Audio scope,App credentials,https://api-docs.quran.foundation/docs/content_apis_versioned/4.0.0/list-rub-el-hizb-recitation/,,/recitations/{recitation_id}/by_rub/{rub_el_hizb_number},list-rub-el-hizb-recitation,Live,
11,Content APIs (v4),Audio,Get Ayah recitations for specific Hizb,GET,Return per-ayah audio URLs for a Hizb,Audio scope,App credentials,https://api-docs.quran.foundation/docs/content_apis_versioned/4.0.0/list-hizb-recitation/,,/recitations/{recitation_id}/by_hizb/{hizb_number},list-hizb-recitation,Live,
12,Content APIs (v4),Audio,Get Ayah recitations for specific Ayah,GET,Return audio URL for a single ayah,Audio scope,App credentials,https://api-docs.quran.foundation/docs/content_apis_versioned/4.0.0/list-ayah-recitation/,,/recitations/{recitation_id}/by_ayah/{ayah_key},list-ayah-recitation,Live,
13,Content APIs (v4),Audio,Get Ayah recitations for specific Manzil,GET,Return per-ayah audio URLs for a Manzil,Audio scope,App credentials,https://api-docs.quran.foundation/docs/content_apis_versioned/4.0.0/list-manzil-recitation/,,/recitations/{recitation_id}/by_manzil/{manzil_number},list-manzil-recitation,Live,
14,Content APIs (v4),Audio,Get Ayah recitations for specific Ruku,GET,Return per-ayah audio URLs for a Ruku,Audio scope,App credentials,https://api-docs.quran.foundation/docs/content_apis_versioned/4.0.0/list-ruku-recitation/,,/recitations/{recitation_id}/by_ruku/{ruku_number},list-ruku-recitation,Live,
15,Content APIs (v4),Audio,List of all chapter audio files of a reciter,GET,List all chapter-level audio files for a specific chapter reciter,Audio scope,App credentials,https://api-docs.quran.foundation/docs/content_apis_versioned/4.0.0/chapter-reciter-audio-files/,,/chapter_recitations/{reciter_id},chapter-reciter-audio-files,Live,
16,Content APIs (v4),Audio,Get chapter audio file of a reciter,GET,Get the audio file for a single chapter from a specific reciter,Audio scope,App credentials,https://api-docs.quran.foundation/docs/content_apis_versioned/4.0.0/chapter-reciter-audio-file/,,/chapter_recitations/{reciter_id}/{chapter_number},chapter-reciter-audio-file,Live,
17,Content APIs (v4),Audio,Get Ayah recitations for specific Rub el Hizb (alias /by_rub_el_hizb),GET,Alias endpoint for Rub el Hizb recitations,Audio scope,App credentials,https://api-docs.quran.foundation/docs/content_apis_versioned/4.0.0/list-rub-el-hizb-recitation-rub-el-hizb/,,/recitations/{recitation_id}/by_rub_el_hizb/{rub_el_hizb_number},list-rub-el-hizb-recitation-rub-el-hizb,Live,
18,Content APIs (v4),Chapters,List Chapters,GET,List all 114 Quran chapters with name and metadata,Quran Scope,App credentials,https://api-docs.quran.foundation/docs/content_apis_versioned/4.0.0/list-chapters/,,/chapters,list-chapters,Live,
19,Content APIs (v4),Chapters,Get Chapter,GET,Get details of a single chapter by number,Quran Scope,App credentials,https://api-docs.quran.foundation/docs/content_apis_versioned/4.0.0/get-chapter/,,/chapters/{id},GET-chapter,Live,
20,Content APIs (v4),Chapters,Get Chapter Info,GET,Get introductory information / tafsir-style intro for a chapter,Quran Scope,App credentials,https://api-docs.quran.foundation/docs/content_apis_versioned/4.0.0/get-chapter-info/,,/chapters/{id}/info,get-chapter-info,Live,
21,Content APIs (v4),Hadith,Get hadith references for a specific Ayah,GET,Get ordered hadith reference records linked to a specific ayah,Hadith Scope,App credentials,https://api-docs.quran.foundation/docs/content_apis_versioned/4.0.0/hadith-references-by-ayah/,,/hadith_references/by_ayah/{ayah_key},hadith-references-by-ayah,Live,
22,Content APIs (v4),Hadith,Get hadiths for a specific Ayah,GET,Get full hadith text records linked to a specific ayah,Hadith Scope,App credentials,https://api-docs.quran.foundation/docs/content_apis_versioned/4.0.0/hadiths-by-ayah/,,/hadith_references/by_ayah/{ayah_key}/hadiths,hadiths-by-ayah,Live,
23,Content APIs (v4),Hadith,Get hadith counts within a verse range,GET,Count hadith references within a range of verses,Hadith Scope,App credentials,https://api-docs.quran.foundation/docs/content_apis_versioned/4.0.0/hadith-count-within-range/,,/hadith_references/count_within_range,hadith-count-within-range,Live,
24,Content APIs (v4),Pages,List Pages,GET,Get all pages for the selected mushaf,Quran Scope,App credentials,https://api-docs.quran.foundation/docs/content_apis_versioned/4.0.0/list-pages/,,/pages,list-pages,Live,
25,Content APIs (v4),Pages,Lookup Pages,GET,Lookup page number from a verse key or other structural identifier,Quran Scope,App credentials,https://api-docs.quran.foundation/docs/content_apis_versioned/4.0.0/get-pages-lookup/,,/pages/lookup,get-pages-lookup,Live,
26,Content APIs (v4),Pages,Get Page,GET,Get a single mushaf page by page number,Quran Scope,App credentials,https://api-docs.quran.foundation/docs/content_apis_versioned/4.0.0/get-pages-page-number/,,/pages/{page_number},get-pages-page-number,Live,
27,Content APIs (v4),Verses,By Chapter,GET,Get all verses for a given chapter (Surah),Quran Scope,App credentials,https://api-docs.quran.foundation/docs/content_apis_versioned/4.0.0/verses-by-chapter-number/,,/verses/by_chapter/{chapter_number},verses-by_chapter_number,Live,
28,Content APIs (v4),Verses,By Page,GET,Get all verses on a given Madani Mushaf page,Quran Scope,App credentials,https://api-docs.quran.foundation/docs/content_apis_versioned/4.0.0/verses-by-page-number/,,/verses/by_page/{page_number},verses-by_page_number,Live,
29,Content APIs (v4),Verses,By Juz,GET,Get all verses in a given Juz,Quran Scope,App credentials,https://api-docs.quran.foundation/docs/content_apis_versioned/4.0.0/verses-by-juz-number/,,/verses/by_juz/{juz_number},verses-by_juz_number,Live,
30,Content APIs (v4),Verses,By Hizb number,GET,Get all verses in a given Hizb,Quran Scope,App credentials,https://api-docs.quran.foundation/docs/content_apis_versioned/4.0.0/verses-by-hizb-number/,,/verses/by_hizb/{hizb_number},verses-by_hizb_number,Live,
31,Content APIs (v4),Verses,By Rub el Hizb number,GET,Get all verses in a given Rub el Hizb,Quran Scope,App credentials,https://api-docs.quran.foundation/docs/content_apis_versioned/4.0.0/verses-by-rub-el-hizb-number/,,/verses/by_rub/{rub_el_hizb_number},verses-by_rub_el_hizb_number,Live,
32,Content APIs (v4),Verses,By Manzil,GET,Get all verses in a given Manzil,Quran Scope,App credentials,https://api-docs.quran.foundation/docs/content_apis_versioned/4.0.0/verses-by-manzil-number/,,/verses/by_manzil/{manzil_number},verses-by_manzil_number,Live,
33,Content APIs (v4),Verses,By Ruku,GET,Get all verses in a given Ruku,Quran Scope,App credentials,https://api-docs.quran.foundation/docs/content_apis_versioned/4.0.0/verses-by-ruku-number/,,/verses/by_ruku/{ruku_number},verses-by_ruku_number,Live,
34,Content APIs (v4),Verses,By Range,GET,Get verses within a specific verse key range,Quran Scope,App credentials,https://api-docs.quran.foundation/docs/content_apis_versioned/4.0.0/verses-by-range/,,/verses/by_range,verses-by_range,Live,
35,Content APIs (v4),Verses,By Specific Verse Key,GET,Get a single verse by its verse key (e.g. 2:255),Quran Scope,App credentials,https://api-docs.quran.foundation/docs/content_apis_versioned/4.0.0/verses-by-verse-key/,,/verses/by_key/{verse_key},verses-by_verse_key,Live,
36,Content APIs (v4),Verses,Get random ayah,GET,Get a random verse (can be scoped to chapter / page / juz etc.),Quran Scope,App credentials,https://api-docs.quran.foundation/docs/content_apis_versioned/4.0.0/random-verse/,,/verses/random,random_verse,Live,
37,Content APIs (v4),Verses,By Rub el Hizb number (alias /by_rub_el_hizb),GET,Alias endpoint for Rub el Hizb verse lookup,Quran Scope,App credentials,https://api-docs.quran.foundation/docs/content_apis_versioned/4.0.0/verses-by-rub-el-hizb-number-rub-el-hizb/,,/verses/by_rub_el_hizb/{rub_el_hizb_number},verses-by_rub_el_hizb_number-rub-el-hizb,Live,
38,Content APIs (v4),Juz,List Juzs,GET,List all 30 Juzs with verse boundaries,Quran Scope,App credentials,https://api-docs.quran.foundation/docs/content_apis_versioned/4.0.0/list-juzs/,,/juzs,list-juzs,Live,
39,Content APIs (v4),Juz,Get Juz,GET,Get a single Juz by number,Quran Scope,App credentials,https://api-docs.quran.foundation/docs/content_apis_versioned/4.0.0/get-juz/,,/juzs/{id},get-juz,Live,
40,Content APIs (v4),Quran,Get Quran verses in a specific script,GET,Stream full Quran text in a requested script (Uthmani / IndoPak / Imlaei etc.) with structural filters,Quran Scope,App credentials,https://api-docs.quran.foundation/docs/content_apis_versioned/4.0.0/quran-verses-by-script/,,/quran/verses/{script},quran-verses-by-script,Live,
41,Content APIs (v4),Quran,Get Indopak Script of ayah,GET,Get IndoPak script text for verses,Quran Scope,App credentials,https://api-docs.quran.foundation/docs/content_apis_versioned/4.0.0/quran-verses-indopak/,,/quran/verses/indopak,QURAN-verses-indopak,Live,
42,Content APIs (v4),Quran,Get Indopak Nastaleeq Script of ayah,GET,Get IndoPak Nastaleeq script text for verses,Quran Scope,App credentials,https://api-docs.quran.foundation/docs/content_apis_versioned/4.0.0/quran-verses-indopak-nastaleeq/,,/quran/verses/indopak_nastaleeq,QURAN-verses-indopak-nastaleeq,Live,
43,Content APIs (v4),Quran,Get Uthmani Tajweed Script of ayah,GET,Get Uthmani Tajweed color-coded text for verses,Quran Scope,App credentials,https://api-docs.quran.foundation/docs/content_apis_versioned/4.0.0/quran-verses-uthmani-tajweed/,,/quran/verses/uthmani_tajweed,QURAN-verses-uthmani-tajweed,Live,
44,Content APIs (v4),Quran,Get Uthmani Script of ayah,GET,Get Uthmani script text for verses,Quran Scope,App credentials,https://api-docs.quran.foundation/docs/content_apis_versioned/4.0.0/quran-verses-uthmani/,,/quran/verses/uthmani,QURAN-verses-uthmani,Live,
45,Content APIs (v4),Quran,Get Uthmani simple script of ayah,GET,Get Uthmani simple (no diacritics) text for verses,Quran Scope,App credentials,https://api-docs.quran.foundation/docs/content_apis_versioned/4.0.0/quran-verses-uthmani-simple/,,/quran/verses/uthmani_simple,QURAN-verses-uthmani_simple,Live,
46,Content APIs (v4),Quran,Get Imlaei Simple text of ayah,GET,Get Imlaei simple script text for verses,Quran Scope,App credentials,https://api-docs.quran.foundation/docs/content_apis_versioned/4.0.0/quran-verses-imlaei/,,/quran/verses/imlaei,QURAN-verses-Imlaei,Live,
47,Content APIs (v4),Quran,Get a single translation,GET,Get paginated translation records for a translation resource across verse ranges,Quran Scope,App credentials,https://api-docs.quran.foundation/docs/content_apis_versioned/4.0.0/translation/,,/quran/translations/{translation_id},translation,Live,
48,Content APIs (v4),Quran,Get paginated tafsir records,GET,Get paginated tafsir records for a tafsir resource across verse ranges,Quran Scope,App credentials,https://api-docs.quran.foundation/docs/content_apis_versioned/4.0.0/tafsir/,,/quran/tafsirs/{tafsir_id},tafsir,Live,
49,Content APIs (v4),Quran,Get V1 Glyph codes of ayah,GET,Get QCF v1 font glyph codes for verses,Quran Scope,App credentials,https://api-docs.quran.foundation/docs/content_apis_versioned/4.0.0/quran-verses-code-v-1/,,/quran/verses/code_v1,QURAN-verses-code_v1,Live,
50,Content APIs (v4),Quran,Get V2 Glyph codes of ayah,GET,Get QCF v2 font glyph codes for verses,Quran Scope,App credentials,https://api-docs.quran.foundation/docs/content_apis_versioned/4.0.0/quran-verses-code-v-2/,,/quran/verses/code_v2,QURAN-verses-code_v2,Live,
51,Content APIs (v4),Resources,Recitation Info,GET,Get metadata about a specific ayah-by-ayah recitation,Audio scope,App credentials,https://api-docs.quran.foundation/docs/content_apis_versioned/4.0.0/recitation-info/,,/resources/recitations/{recitation_id}/info,recitation-info,Live,
52,Content APIs (v4),Resources,Translation Info,GET,Get metadata about a specific translation resource,Translation Scope,App credentials,https://api-docs.quran.foundation/docs/content_apis_versioned/4.0.0/translation-info/,,/resources/translations/{translation_id}/info,translation-info,Live,
53,Content APIs (v4),Resources,Translations,GET,List all available translation resources,Translation Scope,App credentials,https://api-docs.quran.foundation/docs/content_apis_versioned/4.0.0/translations/,,/resources/translations,translations,Live,
54,Content APIs (v4),Resources,Tafsirs,GET,List all available tafsir resources,Tafsir Scope,App credentials,https://api-docs.quran.foundation/docs/content_apis_versioned/4.0.0/tafsirs/,,/resources/tafsirs,tafsirs,Live,
55,Content APIs (v4),Resources,Tafsir Info,GET,Get metadata about a specific tafsir resource,Tafsir Scope,App credentials,https://api-docs.quran.foundation/docs/content_apis_versioned/4.0.0/tafsir-info/,,/resources/tafsirs/{tafsir_id}/info,tafsir-info,Live,
56,Content APIs (v4),Resources,Recitation Styles,GET,List all available recitation styles,Audio scope,App credentials,https://api-docs.quran.foundation/docs/content_apis_versioned/4.0.0/recitation-styles/,,/resources/recitation_styles,recitation-styles,Live,
57,Content APIs (v4),Resources,Languages,GET,List all available languages with translation/tafsir support,Content Metadata Scope,App credentials,https://api-docs.quran.foundation/docs/content_apis_versioned/4.0.0/languages/,,/resources/languages,languages,Live,
58,Content APIs (v4),Resources,Chapter Infos,GET,List all available chapter info records,Quran Scope,App credentials,https://api-docs.quran.foundation/docs/content_apis_versioned/4.0.0/chapter-info/,,/resources/chapter_infos,chapter-info,Live,
59,Content APIs (v4),Resources,Verse Media,GET,Get media (images) associated with specific verses,Content Metadata Scope,App credentials,https://api-docs.quran.foundation/docs/content_apis_versioned/4.0.0/verse-media/,,/resources/verse_media,verse-media,Live,
60,Content APIs (v4),Resources,Sync public content resources,GET,Sync endpoint for public content resources (content delta sync),Content Sync Scope,App credentials,https://api-docs.quran.foundation/docs/content_apis_versioned/4.0.0/resources-sync/,,/resources/sync,resources-sync,Live,
61,Content APIs (v4),Resources,Get content resource snapshot,GET,Get a full snapshot of a content resource for offline caching,Content Sync Scope,App credentials,https://api-docs.quran.foundation/docs/content_apis_versioned/4.0.0/resources-snapshot/,,/resources/snapshots/{resource_group}/{id},resources-snapshot,Live,
62,Content APIs (v4),Translations,Get translations for specific Surah,GET,Get all translations for a given Surah by translation resource ID,Translation Scope,App credentials,https://api-docs.quran.foundation/docs/content_apis_versioned/4.0.0/list-surah-translations/,,/translations/{resource_id}/by_chapter/{chapter_number},list-surah-translations,Live,
63,Content APIs (v4),Translations,Get translations for specific Madani Mushaf page,GET,Get translations for all verses on a given Madani Mushaf page,Translation Scope,App credentials,https://api-docs.quran.foundation/docs/content_apis_versioned/4.0.0/list-page-translations/,,/translations/{resource_id}/by_page/{page_number},list-page-translations,Live,
64,Content APIs (v4),Translations,Get translations for specific Juz,GET,Get translations for all verses in a Juz,Translation Scope,App credentials,https://api-docs.quran.foundation/docs/content_apis_versioned/4.0.0/list-juz-translations/,,/translations/{resource_id}/by_juz/{juz_number},list-juz-translations,Live,
65,Content APIs (v4),Translations,Get translations for specific Rub el Hizb,GET,Get translations for all verses in a Rub el Hizb,Translation Scope,App credentials,https://api-docs.quran.foundation/docs/content_apis_versioned/4.0.0/list-rub-el-hizb-translations/,,/translations/{resource_id}/by_rub_el_hizb/{rub_el_hizb_number},list-rub-el-hizb-translations,Live,
66,Content APIs (v4),Translations,Get translations for specific Hizb,GET,Get translations for all verses in a Hizb,Translation Scope,App credentials,https://api-docs.quran.foundation/docs/content_apis_versioned/4.0.0/list-hizb-translations/,,/translations/{resource_id}/by_hizb/{hizb_number},list-hizb-translations,Live,
67,Content APIs (v4),Translations,Get translations for specific Manzil,GET,Get translations for all verses in a Manzil,Translation Scope,App credentials,https://api-docs.quran.foundation/docs/content_apis_versioned/4.0.0/list-manzil-translations/,,/translations/{resource_id}/by_manzil/{manzil_number},list-manzil-translations,Live,
68,Content APIs (v4),Translations,Get translations for specific Ruku,GET,Get translations for all verses in a Ruku,Translation Scope,App credentials,https://api-docs.quran.foundation/docs/content_apis_versioned/4.0.0/list-ruku-translations/,,/translations/{resource_id}/by_ruku/{ruku_number},list-ruku-translations,Live,
69,Content APIs (v4),Translations,Get translations for specific Ayah,GET,Get translations for a single ayah,Translation Scope,App credentials,https://api-docs.quran.foundation/docs/content_apis_versioned/4.0.0/list-ayah-translations/,,/translations/{resource_id}/by_ayah/{ayah_key},list-ayah-translations,Live,
70,Content APIs (v4),Translations,Get translations for specific Rub el Hizb (alias /by_rub),GET,Alias endpoint for Rub el Hizb translations,Translation Scope,App credentials,https://api-docs.quran.foundation/docs/content_apis_versioned/4.0.0/list-rub-el-hizb-translations-rub/,,/translations/{resource_id}/by_rub/{rub_el_hizb_number},list-rub-el-hizb-translations-rub,Live,
71,Content APIs (v4),Tafsirs,Get tafsirs for specific Surah,GET,Get all tafsirs for a given Surah by tafsir resource ID,Tafsir Scope,App credentials,https://api-docs.quran.foundation/docs/content_apis_versioned/4.0.0/list-surah-tafsirs/,,/tafsirs/{resource_id}/by_chapter/{chapter_number},list-surah-tafsirs,Live,
72,Content APIs (v4),Tafsirs,Get tafsirs for specific Madani Mushaf page,GET,Get tafsirs for all verses on a given Madani Mushaf page,Tafsir Scope,App credentials,https://api-docs.quran.foundation/docs/content_apis_versioned/4.0.0/list-page-tafsirs/,,/tafsirs/{resource_id}/by_page/{page_number},list-page-tafsirs,Live,
73,Content APIs (v4),Tafsirs,Get tafsirs for specific Juz,GET,Get tafsirs for all verses in a Juz,Tafsir Scope,App credentials,https://api-docs.quran.foundation/docs/content_apis_versioned/4.0.0/list-juz-tafsirs/,,/tafsirs/{resource_id}/by_juz/{juz_number},list-juz-tafsirs,Live,
74,Content APIs (v4),Tafsirs,Get tafsirs for specific Rub el Hizb,GET,Get tafsirs for all verses in a Rub el Hizb,Tafsir Scope,App credentials,https://api-docs.quran.foundation/docs/content_apis_versioned/4.0.0/list-rub-el-hizb-tafsirs/,,/tafsirs/{resource_id}/by_rub_el_hizb/{rub_el_hizb_number},list-rub-el-hizb-tafsirs,Live,
75,Content APIs (v4),Tafsirs,Get tafsirs for specific Hizb,GET,Get tafsirs for all verses in a Hizb,Tafsir Scope,App credentials,https://api-docs.quran.foundation/docs/content_apis_versioned/4.0.0/list-hizb-tafsirs/,,/tafsirs/{resource_id}/by_hizb/{hizb_number},list-hizb-tafsirs,Live,
76,Content APIs (v4),Tafsirs,Get tafsirs for specific Manzil,GET,Get tafsirs for all verses in a Manzil,Tafsir Scope,App credentials,https://api-docs.quran.foundation/docs/content_apis_versioned/4.0.0/list-manzil-tafsirs/,,/tafsirs/{resource_id}/by_manzil/{manzil_number},list-manzil-tafsirs,Live,
77,Content APIs (v4),Tafsirs,Get tafsirs for specific Ruku,GET,Get tafsirs for all verses in a Ruku,Tafsir Scope,App credentials,https://api-docs.quran.foundation/docs/content_apis_versioned/4.0.0/list-ruku-tafsirs/,,/tafsirs/{resource_id}/by_ruku/{ruku_number},list-ruku-tafsirs,Live,
78,Content APIs (v4),Tafsirs,Get tafsirs for specific Ayah,GET,Get tafsirs for a single ayah,Tafsir Scope,App credentials,https://api-docs.quran.foundation/docs/content_apis_versioned/4.0.0/list-ayah-tafsirs/,,/tafsirs/{resource_id}/by_ayah/{ayah_key},list-ayah-tafsirs,Live,
79,Content APIs (v4),Tafsirs,Get tafsirs for specific Rub el Hizb (alias /by_rub),GET,Alias endpoint for Rub el Hizb tafsirs,Tafsir Scope,App credentials,https://api-docs.quran.foundation/docs/content_apis_versioned/4.0.0/list-rub-el-hizb-tafsirs-rub/,,/tafsirs/{resource_id}/by_rub/{rub_el_hizb_number},list-rub-el-hizb-tafsirs-rub,Live,
80,Content APIs (v4),Hizb,List Hizbs,GET,List all 60 Hizb divisions with their starting verses,Quran Scope,App credentials,https://api-docs.quran.foundation/docs/content_apis_versioned/4.0.0/list-hizbs/,,/hizbs,list-hizbs,Live,
81,Content APIs (v4),Hizb,Get Hizb,GET,Get a single Hizb by number,Quran Scope,App credentials,https://api-docs.quran.foundation/docs/content_apis_versioned/4.0.0/get-hizb/,,/hizbs/{id},get-hizb,Live,
82,Content APIs (v4),Rub El Hizb,List Rub El Hizbs,GET,List all 240 Rub el Hizb divisions,Quran Scope,App credentials,https://api-docs.quran.foundation/docs/content_apis_versioned/4.0.0/list-rub-el-hizbs/,,/rub_el_hizbs,list-rub-el-hizbs,Live,
83,Content APIs (v4),Rub El Hizb,Get Rub El Hizb,GET,Get a single Rub el Hizb by number,Quran Scope,App credentials,https://api-docs.quran.foundation/docs/content_apis_versioned/4.0.0/get-rub-el-hizb/,,/rub_el_hizbs/{id},get-rub-el-hizb,Live,
84,Content APIs (v4),Ruku,List Rukus,GET,List all Ruku divisions,Quran Scope,App credentials,https://api-docs.quran.foundation/docs/content_apis_versioned/4.0.0/list-rukus/,,/rukus,list-rukus,Live,
85,Content APIs (v4),Ruku,Get Ruku,GET,Get a single Ruku by number,Quran Scope,App credentials,https://api-docs.quran.foundation/docs/content_apis_versioned/4.0.0/get-ruku/,,/rukus/{id},get-ruku,Live,
86,Content APIs (v4),Manzil,List Manzils,GET,List all 7 Manzil divisions,Quran Scope,App credentials,https://api-docs.quran.foundation/docs/content_apis_versioned/4.0.0/list-manzils/,,/manzils,list-manzils,Live,
87,Content APIs (v4),Manzil,Get Manzil,GET,Get a single Manzil by number,Quran Scope,App credentials,https://api-docs.quran.foundation/docs/content_apis_versioned/4.0.0/get-manzil/,,/manzils/{id},get-manzil,Live,
88,Content APIs (v4),Footnote,Get Footnote,GET,Get footnote text for a specific translation footnote ID,Translation Scope,App credentials,https://api-docs.quran.foundation/docs/content_apis_versioned/4.0.0/get-foot-note/,,/foot_notes/{id},get-foot-note,Live,
89,Content APIs (v4),QuranReflect Lessons and Reflections,Get posts feed (public read),GET,Public read-only feed of QR posts — client_credentials compatible (post.read scope),Reflections and lessons public scope,App credentials (post.read),https://api-docs.quran.foundation/docs/content_apis_versioned/4.0.0/posts-controller-feed/,,/quran-reflect/v1/posts/feed,PostsController_feed,Live,
90,Content APIs (v4),QuranReflect Lessons and Reflections,Get post by ID (public read),GET,Get a single QR post — client_credentials compatible,Reflections and lessons public scope,App credentials (post.read),https://api-docs.quran.foundation/docs/content_apis_versioned/4.0.0/posts-controller-find-one/,,/quran-reflect/v1/posts/{id},PostsController_findOne,Live,
91,Content APIs (v4),QuranReflect Lessons and Reflections,Get user posts (public read),GET,Get posts by a specific user — client_credentials compatible,Reflections and lessons public scope,App credentials (post.read),https://api-docs.quran.foundation/docs/content_apis_versioned/4.0.0/posts-controller-get-user-post/,,/quran-reflect/v1/posts/user-posts/{id},PostsController_getUserPost,Live,
92,Content APIs (v4),QuranReflect Lessons and Reflections,Get post comments (public read),GET,Get paginated comments for a post — client_credentials compatible (comment.read scope),Reflections and lessons public scope,App credentials (comment.read),https://api-docs.quran.foundation/docs/content_apis_versioned/4.0.0/posts-controller-get-comments/,,/quran-reflect/v1/posts/{id}/comments,PostsController_getComments,Live,
93,Content APIs (v4),QuranReflect Lessons and Reflections,Get all post comments (public read),GET,Get all comments for a post — client_credentials compatible (comment.read scope),Reflections and lessons public scope,App credentials (comment.read),https://api-docs.quran.foundation/docs/content_apis_versioned/4.0.0/posts-controller-get-all-comment/,,/quran-reflect/v1/posts/{id}/all-comments,PostsController_getAllComment,Live,
94,Content APIs (v4),Answers,List Ayah Answers,GET,List Q&A answers attached to a specific ayah,Q&A Scope,App credentials,https://api-docs.quran.foundation/docs/content_apis_versioned/4.0.0/list-ayah-answers/,,/answers/by_ayah/{ayah_key},list-ayah-answers,Live,
95,Content APIs (v4),Answers,Get Answer by ID,GET,Get a specific Q&A answer by its ID,Q&A Scope,App credentials,https://api-docs.quran.foundation/docs/content_apis_versioned/4.0.0/get-answer-by-id/,,/answers/{question_id},get-answer-by-id,Live,
96,Content APIs (v4),Answers,Count answers within a verse range,GET,Count Q&A answers available within a range of verses,Q&A Scope,App credentials,https://api-docs.quran.foundation/docs/content_apis_versioned/4.0.0/count-answers-within-range/,,/answers/count_within_range,count-answers-within-range,Live,
97,User APIs (v1),Collections,Add collection,POST,Create a new collection under user's account.,Collections Scope,OAuth2 user token,https://api-docs.quran.foundation/docs/user_related_apis_versioned/1.0.0/add-collection/,Content & Quran Journey,/v1/collections,authPostV1Collections,Live,
98,User APIs (v1),Collections,Get all collections,GET,List collections owned by the user.,Collections Scope,OAuth2 user token,https://api-docs.quran.foundation/docs/user_related_apis_versioned/1.0.0/get-all-collections/,Content & Quran Journey,/v1/collections,authGetV1Collections,Live,
99,User APIs (v1),Collections,Add collection Bookmark,POST,Add a bookmark to a collection.,Collections Scope,OAuth2 user token,https://api-docs.quran.foundation/docs/user_related_apis_versioned/1.0.0/add-collection-bookmark/,Content & Quran Journey,/v1/collections/{collectionId}/bookmarks,authPostV1CollectionsByCollectionIdBookmarks,Live,
100,User APIs (v1),Collections,Delete collection bookmark by details,DELETE,Delete a bookmark from a collection by bookmark details.,Collections Scope,OAuth2 user token,https://api-docs.quran.foundation/docs/user_related_apis_versioned/1.0.0/delete-collection-bookmark-by-details/,Content & Quran Journey,/v1/collections/{collectionId}/bookmarks,authDeleteV1CollectionsByCollectionIdBookmarks,Live,
101,User APIs (v1),Collections,Delete collection,DELETE,Delete a an existing collection.,Collections Scope,OAuth2 user token,https://api-docs.quran.foundation/docs/user_related_apis_versioned/1.0.0/delete-collection/,Content & Quran Journey,/v1/collections/{collectionId},authDeleteV1CollectionsByCollectionId,Live,
102,User APIs (v1),Collections,Get collection items by id,GET,Get all resources that belong to an existing collection by collection id.,Collections Scope,OAuth2 user token,https://api-docs.quran.foundation/docs/user_related_apis_versioned/1.0.0/get-collection-items-by-id/,Content & Quran Journey,/v1/collections/{collectionId},authGetV1CollectionsByCollectionId,Live,
103,User APIs (v1),Collections,Update collection,POST,Update an existing collection.,Collections Scope,OAuth2 user token,https://api-docs.quran.foundation/docs/user_related_apis_versioned/1.0.0/update-collection/,Content & Quran Journey,/v1/collections/{collectionId},authPostV1CollectionsByCollectionId,Live,
104,User APIs (v1),Collections,Delete collection bookmark by id,DELETE,Delete a bookmark from a collection by bookmark ID.,Collections Scope,OAuth2 user token,https://api-docs.quran.foundation/docs/user_related_apis_versioned/1.0.0/delete-collection-bookmark-by-id/,Content & Quran Journey,/v1/collections/{collectionId}/bookmarks/{bookmarkId},authDeleteV1CollectionsByCollectionIdBookmarksByBookmarkId,Live,
105,User APIs (v1),Collections,Get all collection items,GET,Get all existing collections along with resources that belong to them.,Collections Scope,OAuth2 user token,https://api-docs.quran.foundation/docs/user_related_apis_versioned/1.0.0/get-all-collection-items/,Content & Quran Journey,/v1/collections/all,authGetV1CollectionsAll,Live,
106,User APIs (v1),Bookmarks,Add user bookmark,POST,Add or update a bookmark by details.,Bookmarks Scope,OAuth2 user token,https://api-docs.quran.foundation/docs/user_related_apis_versioned/1.0.0/add-user-bookmark/,Content & Quran Journey,/v1/bookmarks,authPostV1Bookmarks,Live,
107,User APIs (v1),Bookmarks,Get user bookmarks,GET,Get all bookmarks.,Bookmarks Scope,OAuth2 user token,https://api-docs.quran.foundation/docs/user_related_apis_versioned/1.0.0/get-user-bookmarks/,Content & Quran Journey,/v1/bookmarks,authGetV1Bookmarks,Live,
108,User APIs (v1),Bookmarks,Delete Bookmark,DELETE,Delete a standalone bookmark by id.,Bookmarks Scope,OAuth2 user token,https://api-docs.quran.foundation/docs/user_related_apis_versioned/1.0.0/delete-bookmark/,Content & Quran Journey,/v1/bookmarks/{bookmarkId},authDeleteV1BookmarksByBookmarkId,Live,
109,User APIs (v1),Bookmarks,Get bookmarks within a range of Ayahs,GET,Get all bookmarks within a specific Ayahs range.,Bookmarks Scope,OAuth2 user token,https://api-docs.quran.foundation/docs/user_related_apis_versioned/1.0.0/get-bookmarks-within-a-range-of-ayahs/,Content & Quran Journey,/v1/bookmarks/ayahs-range,authGetV1BookmarksAyahsRange,Live,
110,User APIs (v1),Bookmarks,Get bookmark,GET,Get a bookmark by details,Bookmarks Scope,OAuth2 user token,https://api-docs.quran.foundation/docs/user_related_apis_versioned/1.0.0/get-bookmark/,Content & Quran Journey,/v1/bookmarks/bookmark,authGetV1BookmarksBookmark,Live,
111,User APIs (v1),Bookmarks,Get bookmark collections,GET,Get named collection IDs for a bookmark by bookmark details.,Bookmarks Scope,OAuth2 user token,https://api-docs.quran.foundation/docs/user_related_apis_versioned/1.0.0/get-bookmark-collections/,Content & Quran Journey,/v1/bookmarks/collections,authGetV1BookmarksCollections,Live,
112,User APIs (v1),Preferences,Add or update preference,POST,Add or update one user preferences group like favorite Tafsirs or translations.,Preferences Scope,OAuth2 user token,https://api-docs.quran.foundation/docs/user_related_apis_versioned/1.0.0/add-or-update-preference/,Account and preferences,/v1/preferences,authPostV1Preferences,Live,
113,User APIs (v1),Preferences,Get user preferences,GET,"Get all user preferences like theme, favorite reciter, default language etc.",Preferences Scope,OAuth2 user token,https://api-docs.quran.foundation/docs/user_related_apis_versioned/1.0.0/get-user-preferences/,Account and preferences,/v1/preferences,authGetV1Preferences,Live,
114,User APIs (v1),Preferences,Bulk add or update preferences,POST,Add or update one or more user preferences groups like favorite Tafsirs and translations.,Preferences Scope,OAuth2 user token,https://api-docs.quran.foundation/docs/user_related_apis_versioned/1.0.0/bulk-add-or-update-preferences/,Account and preferences,/v1/preferences/bulk,authPostV1PreferencesBulk,Live,
115,User APIs (v1),Reading Sessions,Add or update user reading session,POST,"Track the user's most recent reading location (Surah/Ayah) for ""Continue reading"" / ""Recently read"" UX.",Reading session Scope,OAuth2 user token,https://api-docs.quran.foundation/docs/user_related_apis_versioned/1.0.0/add-or-update-user-reading-session/,Content & Quran Journey,/v1/reading-sessions,authPostV1ReadingSessions,Live,
116,User APIs (v1),Reading Sessions,Get user reading sessions,GET,"Get the user's reading sessions, ordered most recent first.",Reading session Scope,OAuth2 user token,https://api-docs.quran.foundation/docs/user_related_apis_versioned/1.0.0/get-user-reading-sessions/,Content & Quran Journey,/v1/reading-sessions,authGetV1ReadingSessions,Live,
117,User APIs (v1),Goals,Get today's goal plan,GET,Get today's goal plan.,Goal Scope,OAuth2 user token,https://api-docs.quran.foundation/docs/user_related_apis_versioned/1.0.0/get-todays-goal-plan/,Content & Quran Journey,/v1/goals/get-todays-plan,authGetV1GoalsGetTodaysPlan,Live,
118,User APIs (v1),Goals,Update a goal,PUT,Update a goal,Goal Scope,OAuth2 user token,https://api-docs.quran.foundation/docs/user_related_apis_versioned/1.0.0/update-a-goal/,Content & Quran Journey,/v1/goals/{id},authPutV1GoalsById,Live,
119,User APIs (v1),Goals,Delete a goal,DELETE,Delete a goal by id.,Goal Scope,OAuth2 user token,https://api-docs.quran.foundation/docs/user_related_apis_versioned/1.0.0/delete-a-goal/,Content & Quran Journey,/v1/goals/{id},authDeleteV1GoalsById,Live,
120,User APIs (v1),Goals,Create a goal,POST,Create a goal,Goal Scope,OAuth2 user token,https://api-docs.quran.foundation/docs/user_related_apis_versioned/1.0.0/create-a-goal/,Content & Quran Journey,/v1/goals,authPostV1Goals,Live,
121,User APIs (v1),Goals,Generate timeline estimation,GET,Generate a timeline up to a week of the minimum daily amount required to meet the goal.,Goal Scope,OAuth2 user token,https://api-docs.quran.foundation/docs/user_related_apis_versioned/1.0.0/generate-timeline-estimation/,Content & Quran Journey,/v1/goals/estimate,authGetV1GoalsEstimate,Live,
122,User APIs (v1),Streaks,Get streaks,GET,Get user streaks.,Streak Scope,OAuth2 user token,https://api-docs.quran.foundation/docs/user_related_apis_versioned/1.0.0/get-streaks/,Content & Quran Journey,/v1/streaks,authGetV1Streaks,Live,
123,User APIs (v1),Streaks,Get current streak days,GET,Get current active streak days.,Streak Scope,OAuth2 user token,https://api-docs.quran.foundation/docs/user_related_apis_versioned/1.0.0/get-current-streak-days/,Content & Quran Journey,/v1/streaks/current-streak-days,authGetV1StreaksCurrentStreakDays,Live,
124,User APIs (v1),Activity Days,Add/update activity day,POST,Create or update the user's daily activity record for one date and one activity type.,User Activity Scope,OAuth2 user token,https://api-docs.quran.foundation/docs/user_related_apis_versioned/1.0.0/add-update-activity-day/,Content & Quran Journey,/v1/activity-days,authPostV1ActivityDays,Live,
125,User APIs (v1),Activity Days,Get activity days,GET,Get the user's activity days for calendar/history views.,User Activity Scope,OAuth2 user token,https://api-docs.quran.foundation/docs/user_related_apis_versioned/1.0.0/get-activity-days/,Content & Quran Journey,/v1/activity-days,authGetV1ActivityDays,Live,
126,User APIs (v1),Activity Days,Estimate reading time,GET,Estimate how many seconds it would take to read one or more verse ranges.,User Activity Scope,OAuth2 user token,https://api-docs.quran.foundation/docs/user_related_apis_versioned/1.0.0/estimate-reading-time/,Content & Quran Journey,/v1/activity-days/estimate-reading-time,authGetV1ActivityDaysEstimateReadingTime,Live,
127,User APIs (v1),Users,Edit user profile,PATCH,"Partially update the authenticated user settings and preferences like notification settings, privacy options, and display preferences.",Users Scope,OAuth2 user token,https://api-docs.quran.foundation/docs/user_related_apis_versioned/1.0.0/users-controller-edit-profile/,Account and preferences,/v1/users/profile,UsersController_editProfile,Live,
128,User APIs (v1),Users,Get user profile,GET,"Retrieve the complete profile of the authenticated user including personal info, settings, statistics, and connected accounts.",Users Scope,OAuth2 user token,https://api-docs.quran.foundation/docs/user_related_apis_versioned/1.0.0/users-controller-profile/,Account and preferences,/v1/users/profile,UsersController_profile,Live,
129,User APIs (v1),Users,Update user profile,PUT,"Update user profile information including name, bio, username, avatar, and social links.",Users Scope,OAuth2 user token,https://api-docs.quran.foundation/docs/user_related_apis_versioned/1.0.0/users-controller-update-profile/,Account and preferences,/v1/users/profile,UsersController_updateProfile,Live,
130,User APIs (v1),Notes,Get all notes,GET,List notes owned by the user.,Notes Scope,OAuth2 user token,https://api-docs.quran.foundation/docs/user_related_apis_versioned/1.0.0/get-all-notes/,Content & Quran Journey,/v1/notes,authGetV1Notes,Live,
131,User APIs (v1),Notes,Add note,POST,Add a new note.,Notes Scope,OAuth2 user token,https://api-docs.quran.foundation/docs/user_related_apis_versioned/1.0.0/add-note/,Content & Quran Journey,/v1/notes,authPostV1Notes,Live,
132,User APIs (v1),Notes,Get notes by verse,GET,Retrieve notes by a specific verse.,Notes Scope,OAuth2 user token,https://api-docs.quran.foundation/docs/user_related_apis_versioned/1.0.0/get-notes-by-verse/,Content & Quran Journey,/v1/notes/by-verse/{verseKey},authGetV1NotesByVerseByVerseKey,Live,
133,User APIs (v1),Notes,Get notes by attached entity,GET,Retrieve notes by attached entity.,Notes Scope,OAuth2 user token,https://api-docs.quran.foundation/docs/user_related_apis_versioned/1.0.0/get-notes-by-attached-entity/,Content & Quran Journey,/v1/notes/by-attached-entity,authGetV1NotesByAttachedEntity,Live,
134,User APIs (v1),Notes,Get notes count within verse range,GET,Get the count of notes within a range of verses.,Notes Scope,OAuth2 user token,https://api-docs.quran.foundation/docs/user_related_apis_versioned/1.0.0/get-notes-count-within-verse-range/,Content & Quran Journey,/v1/notes/count-within-range,authGetV1NotesCountWithinRange,Live,
135,User APIs (v1),Notes,Get notes by verse range,GET,Retrieve notes by a range of verses.,Notes Scope,OAuth2 user token,https://api-docs.quran.foundation/docs/user_related_apis_versioned/1.0.0/get-notes-by-verse-range/,Content & Quran Journey,/v1/notes/by-range,authGetV1NotesByRange,Live,
136,User APIs (v1),Notes,Get note by ID,GET,Retrieve a note by its ID.,Notes Scope,OAuth2 user token,https://api-docs.quran.foundation/docs/user_related_apis_versioned/1.0.0/get-note-by-id/,Content & Quran Journey,/v1/notes/{noteId},authGetV1NotesByNoteId,Live,
137,User APIs (v1),Notes,Update note by ID,PATCH,Update a note by its ID.,Notes Scope,OAuth2 user token,https://api-docs.quran.foundation/docs/user_related_apis_versioned/1.0.0/update-note-by-id/,Content & Quran Journey,/v1/notes/{noteId},authPatchV1NotesByNoteId,Live,
138,User APIs (v1),Notes,Delete note by ID,DELETE,Delete a note by its ID.,Notes Scope,OAuth2 user token,https://api-docs.quran.foundation/docs/user_related_apis_versioned/1.0.0/delete-note-by-id/,Content & Quran Journey,/v1/notes/{noteId},authDeleteV1NotesByNoteId,Live,
139,User APIs (v1),Notes,Publish note,POST,Publish a note to QR.,Notes Scope,OAuth2 user token,https://api-docs.quran.foundation/docs/user_related_apis_versioned/1.0.0/publish-note/,Content & Quran Journey,/v1/notes/{noteId}/publish,authPostV1NotesByNoteIdPublish,Live,
140,User APIs (v1),Users,Get logged-in user rooms,GET,Retrieve all rooms (groups and pages) the authenticated user is a member of.,Users Scope,OAuth2 user token,https://api-docs.quran.foundation/docs/user_related_apis_versioned/1.0.0/users-controller-rooms/,Account and preferences,/v1/users/my-rooms,UsersController_rooms,Live,
141,User APIs (v1),Users,Search for users,GET,Search users by name or username.,Users Scope,OAuth2 user token,https://api-docs.quran.foundation/docs/user_related_apis_versioned/1.0.0/users-controller-search/,Account and preferences,/v1/users/search,UsersController_search,Live,
142,User APIs (v1),Users,Toggle follow/unfollow a user,POST,Follow or unfollow another user.,Users Scope,OAuth2 user token,https://api-docs.quran.foundation/docs/user_related_apis_versioned/1.0.0/users-controller-toggle-follow/,Account and preferences,/v1/users/{followeeId}/toggle-follow,UsersController_toggleFollow,Live,
143,User APIs (v1),Users,Remove a follower,POST,Remove a user from your followers list.,Users Scope,OAuth2 user token,https://api-docs.quran.foundation/docs/user_related_apis_versioned/1.0.0/users-controller-remove-follower/,Account and preferences,/v1/users/{followerId}/remove-follower,UsersController_removeFollower,Live,
144,User APIs (v1),Users,Get user profile by id or username,GET,Retrieve a user profile by either UUID or username.,Users Scope,OAuth2 user token,https://api-docs.quran.foundation/docs/user_related_apis_versioned/1.0.0/users-controller-get-user-profile/,Account and preferences,/v1/users/{id},UsersController_getUserProfile,Live,
145,User APIs (v1),Users,Get user profile by id or username,GET,Retrieve a user profile by either UUID or username.,Users Scope,OAuth2 user token,https://api-docs.quran.foundation/docs/user_related_apis_versioned/1.0.0/users-controller-get-user-profile/,Account and preferences,/v1/users/{username}/profile,UsersController_getUserProfile,Live,
146,User APIs (v1),Users,Get user followers,GET,Retrieve a paginated list of users who follow the specified user.,Users Scope,OAuth2 user token,https://api-docs.quran.foundation/docs/user_related_apis_versioned/1.0.0/users-controller-get-user-followers/,Account and preferences,/v1/users/{id}/followers,UsersController_getUserFollowers,Live,
147,User APIs (v1),Users,Get users followed by user,GET,Retrieve a paginated list of users that the specified user follows.,Users Scope,OAuth2 user token,https://api-docs.quran.foundation/docs/user_related_apis_versioned/1.0.0/users-controller-get-user-following/,Account and preferences,/v1/users/{id}/following,UsersController_getUserFollowing,Live,
148,User APIs (v1),Rooms,Update room admin access,POST,Grant or revoke admin privileges for a user in a room.,Rooms Scope,OAuth2 user token,https://api-docs.quran.foundation/docs/user_related_apis_versioned/1.0.0/rooms-controller-admins-access/,Community activity,/v1/rooms/admins-access,RoomsController_adminsAccess,Live,
149,User APIs (v1),Rooms,Update a group,PATCH,"Update group properties like name, description, URL, avatar, country, or public visibility.",Rooms Scope,OAuth2 user token,https://api-docs.quran.foundation/docs/user_related_apis_versioned/1.0.0/rooms-controller-update-group/,Community activity,/v1/rooms/groups,RoomsController_updateGroup,Live,
150,User APIs (v1),Rooms,Create a new group,POST,Create a new community group for sharing reflections.,Rooms Scope,OAuth2 user token,https://api-docs.quran.foundation/docs/user_related_apis_versioned/1.0.0/rooms-controller-create-new-group/,Community activity,/v1/rooms/groups,RoomsController_createNewGroup,Live,
151,User APIs (v1),Rooms,Update a page,PATCH,"Update page properties like name, description, contact info, organization details, or visibility.",Rooms Scope,OAuth2 user token,https://api-docs.quran.foundation/docs/user_related_apis_versioned/1.0.0/rooms-controller-update-page/,Community activity,/v1/rooms/pages,RoomsController_updatePage,Live,
152,User APIs (v1),Rooms,Create a new page,POST,Submit a request to create a new organizational page.,Rooms Scope,OAuth2 user token,https://api-docs.quran.foundation/docs/user_related_apis_versioned/1.0.0/rooms-controller-create-new-page/,Community activity,/v1/rooms/pages,RoomsController_createNewPage,Live,
153,User APIs (v1),Rooms,Get room members,GET,Retrieve paginated list of members in a room (group or page).,Rooms Scope,OAuth2 user token,https://api-docs.quran.foundation/docs/user_related_apis_versioned/1.0.0/rooms-controller-get-room-members/,Community activity,/v1/rooms/{id}/members,RoomsController_getRoomMembers,Live,
154,User APIs (v1),Rooms,Invite user to room,POST,Send an invitation to a user to join the room.,Rooms Scope,OAuth2 user token,https://api-docs.quran.foundation/docs/user_related_apis_versioned/1.0.0/rooms-controller-invite-user-to-room/,Community activity,/v1/rooms/{id}/invite,RoomsController_inviteUserToRoom,Live,
155,User APIs (v1),Rooms,Accept room invite,GET,Accept an invitation to join a room using the token from the invite link.,Rooms Scope,OAuth2 user token,https://api-docs.quran.foundation/docs/user_related_apis_versioned/1.0.0/rooms-controller-accept-invite/,Community activity,/v1/rooms/{id}/accept-invite,RoomsController_acceptInvite,Live,
156,User APIs (v1),Rooms,Reject room invite,GET,Decline an invitation to join a room.,Rooms Scope,OAuth2 user token,https://api-docs.quran.foundation/docs/user_related_apis_versioned/1.0.0/rooms-controller-reject-invite/,Community activity,/v1/rooms/{id}/reject-invite,RoomsController_rejectInvite,Live,
157,User APIs (v1),Rooms,Remove member from room,DELETE,Remove a user from a room (group or page).,Rooms Scope,OAuth2 user token,https://api-docs.quran.foundation/docs/user_related_apis_versioned/1.0.0/rooms-controller-remove-member/,Community activity,/v1/rooms/{id}/members/{userId},RoomsController_removeMember,Live,
158,User APIs (v1),Rooms,Get joined or managed rooms,GET,Retrieve rooms the user has joined (joined-rooms) or manages as admin (managed-rooms).,Rooms Scope,OAuth2 user token,https://api-docs.quran.foundation/docs/user_related_apis_versioned/1.0.0/rooms-controller-get-rooms/,Community activity,/v1/rooms/joined-rooms,RoomsController_getRooms,Live,
159,User APIs (v1),Rooms,Get joined or managed rooms,GET,Retrieve rooms the user has joined (joined-rooms) or manages as admin (managed-rooms).,Rooms Scope,OAuth2 user token,https://api-docs.quran.foundation/docs/user_related_apis_versioned/1.0.0/rooms-controller-get-rooms/,Community activity,/v1/rooms/managed-rooms,RoomsController_getRooms,Live,
160,User APIs (v1),Rooms,Search rooms,GET,Search for public groups and pages by name or description.,Rooms Scope,OAuth2 user token,https://api-docs.quran.foundation/docs/user_related_apis_versioned/1.0.0/rooms-controller-search-rooms/,Community activity,/v1/rooms/search,RoomsController_searchRooms,Live,
161,User APIs (v1),Rooms,Get room profile by URL or subdomain,GET,Retrieve a room profile by its unique URL (for groups) or subdomain (for pages).,Rooms Scope,OAuth2 user token,https://api-docs.quran.foundation/docs/user_related_apis_versioned/1.0.0/rooms-controller-get-room-profile/,Community activity,/v1/rooms/group/{url},RoomsController_getRoomProfile,Live,
162,User APIs (v1),Rooms,Get room profile by URL or subdomain,GET,Retrieve a room profile by its unique URL (for groups) or subdomain (for pages).,Rooms Scope,OAuth2 user token,https://api-docs.quran.foundation/docs/user_related_apis_versioned/1.0.0/rooms-controller-get-room-profile/,Community activity,/v1/rooms/page/{subdomain},RoomsController_getRoomProfile,Live,
163,User APIs (v1),Rooms,Accept room invite by private token,GET,Accept an invitation using a private room URL with embedded token.,Rooms Scope,OAuth2 user token,https://api-docs.quran.foundation/docs/user_related_apis_versioned/1.0.0/rooms-controller-accept-by-private-token/,Community activity,/v1/rooms/group/{url}/accept/{token},RoomsController_acceptByPrivateToken,Live,
164,User APIs (v1),Rooms,Accept room invite by private token,GET,Accept an invitation using a private room URL with embedded token.,Rooms Scope,OAuth2 user token,https://api-docs.quran.foundation/docs/user_related_apis_versioned/1.0.0/rooms-controller-accept-by-private-token/,Community activity,/v1/rooms/page/{subdomain}/accept/{token},RoomsController_acceptByPrivateToken,Live,
165,User APIs (v1),Rooms,Get room profile by ID,GET,Retrieve a room profile by its unique numeric ID.,Rooms Scope,OAuth2 user token,https://api-docs.quran.foundation/docs/user_related_apis_versioned/1.0.0/rooms-controller-get-room-profile-by-id/,Community activity,/v1/rooms/{id},RoomsController_getRoomProfileById,Live,
166,User APIs (v1),Rooms,Get room posts,GET,Retrieve paginated posts shared within a room.,Rooms Scope,OAuth2 user token,https://api-docs.quran.foundation/docs/user_related_apis_versioned/1.0.0/rooms-controller-get-room-posts/,Community activity,/v1/rooms/{id}/posts,RoomsController_getRoomPosts,Live,
167,User APIs (v1),Rooms,Join a group,POST,Join a public group as a member.,Rooms Scope,OAuth2 user token,https://api-docs.quran.foundation/docs/user_related_apis_versioned/1.0.0/rooms-controller-join-room/,Community activity,/v1/rooms/{groupId}/join,RoomsController_joinRoom,Live,
168,User APIs (v1),Rooms,Leave a group,POST,Leave a group the user is currently a member of.,Rooms Scope,OAuth2 user token,https://api-docs.quran.foundation/docs/user_related_apis_versioned/1.0.0/rooms-controller-leave-group/,Community activity,/v1/rooms/{groupId}/leave,RoomsController_leaveGroup,Live,
169,User APIs (v1),Rooms,Follow a page,POST,Follow an organizational page to see their posts in your feed.,Rooms Scope,OAuth2 user token,https://api-docs.quran.foundation/docs/user_related_apis_versioned/1.0.0/rooms-controller-follow-page/,Community activity,/v1/rooms/{pageId}/follow,RoomsController_followPage,Live,
170,User APIs (v1),Rooms,Unfollow a page,POST,Stop following a page.,Rooms Scope,OAuth2 user token,https://api-docs.quran.foundation/docs/user_related_apis_versioned/1.0.0/rooms-controller-unfollow-page/,Community activity,/v1/rooms/{pageId}/unfollow,RoomsController_unfollowPage,Live,
171,User APIs (v1),Rooms,Update post privacy in room,PATCH,Change the visibility of a post within a room.,Rooms Scope,OAuth2 user token,https://api-docs.quran.foundation/docs/user_related_apis_versioned/1.0.0/rooms-controller-update-post-privacy/,Community activity,/v1/rooms/{roomId}/posts/{postId}/privacy,RoomsController_updatePostPrivacy,Live,
172,User APIs (v1),Posts,Get posts feed,GET,"Retrieve a paginated feed of client-visible Quran Reflect posts, including reflections and lessons.",QR Post Scope,OAuth2 user token,https://api-docs.quran.foundation/docs/user_related_apis_versioned/1.0.0/posts-controller-feed/,Community activity,/v1/posts/feed,PostsController_feed,Live,
173,User APIs (v1),Posts,Get related posts,GET,Retrieve posts related to a given post by matching its Quran references with OR logic.,QR Post Scope,OAuth2 user token,https://api-docs.quran.foundation/docs/user_related_apis_versioned/1.0.0/posts-controller-get-related-posts/,Community activity,/v1/posts/{postId}/related,PostsController_getRelatedPosts,Live,
174,User APIs (v1),Posts,Get post re-reflections,GET,Retrieve paginated re-reflections of a source post for the post detail Re-Reflections tab.,QR Post Scope,OAuth2 user token,https://api-docs.quran.foundation/docs/user_related_apis_versioned/1.0.0/posts-controller-get-re-reflections/,Community activity,/v1/posts/{postId}/re-reflections,PostsController_getReReflections,Live,
175,User APIs (v1),Posts,Get current user posts,GET,Retrieve posts created by the currently authenticated user.,QR Post Scope,OAuth2 user token,https://api-docs.quran.foundation/docs/user_related_apis_versioned/1.0.0/posts-controller-get-loggedin-user-posts/,Community activity,/v1/posts/my-posts,PostsController_getLoggedinUserPosts,Live,
176,User APIs (v1),Posts,Get post liked state,GET,Returns whether the authenticated user currently likes the post.,QR Post Scope,OAuth2 user token,https://api-docs.quran.foundation/docs/user_related_apis_versioned/1.0.0/posts-controller-get-liked-state/,Community activity,/v1/posts/{id}/liked,PostsController_getLikedState,Live,
177,User APIs (v1),Posts,Get post by ID,GET,Retrieve a specific post by its unique numeric ID.,QR Post Scope,OAuth2 user token,https://api-docs.quran.foundation/docs/user_related_apis_versioned/1.0.0/posts-controller-find-one/,Community activity,/v1/posts/{id},PostsController_findOne,Live,
178,User APIs (v1),Posts,Delete post,DELETE,Soft-delete a post by marking it as removed.,QR Post Scope,OAuth2 user token,https://api-docs.quran.foundation/docs/user_related_apis_versioned/1.0.0/posts-controller-delete/,Community activity,/v1/posts/{id},PostsController_delete,Live,
179,User APIs (v1),Posts,Edit post,PATCH,Update an existing post.,QR Post Scope,OAuth2 user token,https://api-docs.quran.foundation/docs/user_related_apis_versioned/1.0.0/posts-controller-edit/,Community activity,/v1/posts/{id},PostsController_edit,Live,
180,User APIs (v1),Posts,Track post view,POST,Record that a post has been viewed by the current user (if authenticated).,QR Post Scope,OAuth2 user token,https://api-docs.quran.foundation/docs/user_related_apis_versioned/1.0.0/posts-controller-view-tracking/,Community activity,/v1/posts/viewed/{id},PostsController_viewTracking,Live,
181,User APIs (v1),Posts,Track post read,POST,Record that a post has been read after the 100% reading-time threshold.,QR Post Scope,OAuth2 user token,https://api-docs.quran.foundation/docs/user_related_apis_versioned/1.0.0/posts-controller-read-tracking/,Community activity,/v1/posts/read/{id},PostsController_readTracking,Live,
182,User APIs (v1),Posts,Create post,POST,Create a new post (reflection) with Quran references.,QR Post Scope,OAuth2 user token,https://api-docs.quran.foundation/docs/user_related_apis_versioned/1.0.0/posts-controller-create/,Community activity,/v1/posts,PostsController_create,Live,
183,User APIs (v1),Posts,Report post abuse,POST,Report a post for moderation review.,QR Post Scope,OAuth2 user token,https://api-docs.quran.foundation/docs/user_related_apis_versioned/1.0.0/posts-controller-report-abuse/,Community activity,/v1/posts/{id}/report,PostsController_reportAbuse,Live,
184,User APIs (v1),Posts,Get user posts,GET,Retrieve public posts created by a specific user.,QR Post Scope,OAuth2 user token,https://api-docs.quran.foundation/docs/user_related_apis_versioned/1.0.0/posts-controller-get-user-post/,Community activity,/v1/posts/user-posts/{id},PostsController_getUserPost,Live,
185,User APIs (v1),Posts,Toggle post like,POST,Toggle like status for a post.,QR Post Scope,OAuth2 user token,https://api-docs.quran.foundation/docs/user_related_apis_versioned/1.0.0/posts-controller-toggle-like/,Community activity,/v1/posts/{id}/toggle-like,PostsController_toggleLike,Live,
186,User APIs (v1),Posts,Toggle post save,POST,Toggle save/bookmark status for a post.,QR Post Scope,OAuth2 user token,https://api-docs.quran.foundation/docs/user_related_apis_versioned/1.0.0/posts-controller-toggle-save/,Community activity,/v1/posts/{id}/toggle-save,PostsController_toggleSave,Live,
187,User APIs (v1),Posts,Get post comments,GET,Retrieve paginated top-level comments for a post.,QR Comments Scope,OAuth2 user token,https://api-docs.quran.foundation/docs/user_related_apis_versioned/1.0.0/posts-controller-get-comments/,Community activity,/v1/posts/{id}/comments,PostsController_getComments,Live,
188,User APIs (v1),Posts,Get all post comments,GET,Retrieve all comments for a post in a single request without pagination.,QR Comments Scope,OAuth2 user token,https://api-docs.quran.foundation/docs/user_related_apis_versioned/1.0.0/posts-controller-get-all-comment/,Community activity,/v1/posts/{id}/all-comments,PostsController_getAllComment,Live,
189,User APIs (v1),Posts,Export posts as PDF,POST,"Generate a downloadable PDF document containing selected posts with their full content, Quran references, and author information.",QR Post Scope,OAuth2 user token,https://api-docs.quran.foundation/docs/user_related_apis_versioned/1.0.0/posts-controller-export-multiple-posts/,Community activity,/v1/posts/export/pdf,PostsController_exportMultiplePosts,Live,
190,User APIs (v1),Posts,Get posts count within range,GET,Count how many posts the current user has written for verses within a specified Quran verse range.,QR Post Scope,OAuth2 user token,https://api-docs.quran.foundation/docs/user_related_apis_versioned/1.0.0/posts-controller-get-my-posts-count-within-range/,Community activity,/v1/posts/count-within-range,PostsController_getMyPostsCountWithinRange,Live,
191,User APIs (v1),Posts,Get public post count by verse,GET,Count public Quran Reflect posts that reference the specified Quran verse.,QR Post Scope,OAuth2 user token,https://api-docs.quran.foundation/docs/user_related_apis_versioned/1.0.0/posts-controller-get-public-post-count-by-verse/,Community activity,/v1/posts/count-by-verse/{verseId},PostsController_getPublicPostCountByVerse,Live,
192,User APIs (v1),Posts,Get posts by verse,GET,Retrieve all posts written by the current user for a specific Quran verse.,QR Post Scope,OAuth2 user token,https://api-docs.quran.foundation/docs/user_related_apis_versioned/1.0.0/posts-controller-get-my-posts-by-verse/,Community activity,/v1/posts/by-verse/{verseKey},PostsController_getMyPostsByVerse,Live,
193,User APIs (v1),Tags,Search and retrieve tags,GET,Search for tags by query string.,Hashtags scope,OAuth2 user token,https://api-docs.quran.foundation/docs/user_related_apis_versioned/1.0.0/tags-controller-find/,Community activity,/v1/tags,TagsController_find,Live,
194,User APIs (v1),Comments,Create a new comment,POST,Add a comment to a post or reply to an existing comment.,QR Comments Scope,OAuth2 user token,https://api-docs.quran.foundation/docs/user_related_apis_versioned/1.0.0/comments-controller-create/,Community activity,/v1/comments,CommentsController_create,Live,
195,User APIs (v1),Comments,Edit a comment,PATCH,Update an existing comment.,QR Comments Scope,OAuth2 user token,https://api-docs.quran.foundation/docs/user_related_apis_versioned/1.0.0/comments-controller-edit/,Community activity,/v1/comments/{id},CommentsController_edit,Live,
196,User APIs (v1),Comments,Delete a comment,GET,Soft-delete a comment and its direct replies.,QR Comments Scope,OAuth2 user token,https://api-docs.quran.foundation/docs/user_related_apis_versioned/1.0.0/comments-controller-delete-comment/,Community activity,/v1/comments/{id}/delete,CommentsController_deleteComment,Live,
197,User APIs (v1),Comments,Toggle like/unlike a comment,POST,Toggle like status.,QR Comments Scope,OAuth2 user token,https://api-docs.quran.foundation/docs/user_related_apis_versioned/1.0.0/comments-controller-toggle-like/,Community activity,/v1/comments/{id}/toggle-like,CommentsController_toggleLike,Live,
198,User APIs (v1),Comments,Get replies to a comment,GET,Retrieve paginated replies (nested comments) for a parent comment with author info.,QR Comments Scope,OAuth2 user token,https://api-docs.quran.foundation/docs/user_related_apis_versioned/1.0.0/comments-controller-get/,Community activity,/v1/comments/{id}/replies,CommentsController_get,Live,
199,User APIs (v1),Tags,Retrieve trending hashtags from announcements HTML,GET,,Hashtags scope,OAuth2 user token,https://api-docs.quran.foundation/docs/user_related_apis_versioned/1.0.0/trending-hashtags-controller-find/,Community activity,/v1/trending-hashtags,TrendingHashtagsController_find,Live,
200,OAuth2 APIs (v1),OAuth2,The OAuth 2.0 Token Endpoint,POST,Exchange credentials / code for an access token (client_credentials or authorization_code),Authorization Scope,Client credentials / Auth code,https://api-docs.quran.foundation/docs/oauth2_apis_versioned/1.0.0/oauth-2-token-exchange/,Account and preferences,/oauth2/token,oauth2TokenExchange,Live,
201,OAuth2 APIs (v1),OAuth2,OAuth 2.0 Authorization Endpoint,GET,Initiate the authorization code flow (redirect user to login),Authorization Scope,N/A,https://api-docs.quran.foundation/docs/oauth2_apis_versioned/1.0.0/oauth-2-authorization/,Account and preferences,/oauth2/auth,oAuth2Authorize,Live,
202,OAuth2 APIs (v1),OAuth2,OAuth 2.0 Token Introspection,POST,Introspect (validate and inspect) an access token,Authorization Scope,Client credentials,https://api-docs.quran.foundation/docs/oauth2_apis_versioned/1.0.0/oauth-2-token-introspection/,Account and preferences,/oauth2/introspect,introspectOAuth2Token,Live,
203,OAuth2 APIs (v1),OAuth2,OAuth 2.0 Token Revocation,POST,Revoke an access or refresh token,Authorization Scope,Client credentials,https://api-docs.quran.foundation/docs/oauth2_apis_versioned/1.0.0/oauth-2-token-revocation/,Account and preferences,/oauth2/revoke,revokeOAuth2Token,Live,
204,OAuth2 APIs (v1),OIDC,Get OIDC User Info,GET,Get standard OpenID Connect userinfo claims for the authenticated user,Authorization Scope,Bearer token,https://api-docs.quran.foundation/docs/oauth2_apis_versioned/1.0.0/get-oidc-user-info/,Account and preferences,/userinfo,getOidcUserInfo,Live,
205,OAuth2 APIs (v1),OIDC,OpenID Connect Logout,GET,End the user OIDC session and revoke tokens,Authorization Scope,Bearer token,https://api-docs.quran.foundation/docs/oauth2_apis_versioned/1.0.0/revoke-oidc-session/,Account and preferences,/oauth2/sessions/logout,revokeOidcSession,Live,
206,Search APIs (v1),Search,Search,GET,Full-text search across Quran verses / chapters / translations in any supported language,Search Scope,App credentials (search scope),https://api-docs.quran.foundation/docs/search_apis_versioned/1.0.0/search/,Content & Quran Journey,/api/v1/search,SearchController_search,Live,
207,User APIs (v1),Sync,Get mutations,GET,Get list of mutations that were applied to resources after a certain point in time.,Sync Scope,OAuth2 user token,https://api-docs.quran.foundation/docs/user_related_apis_prelive/get-mutations/,Content & Quran Journey,/v1/sync,authGetV1Sync,Pre-live,
208,User APIs (v1),Sync,Sync local mutations,POST,An endpoint to sync local mutations to the server.,Sync Scope,OAuth2 user token,https://api-docs.quran.foundation/docs/user_related_apis_prelive/sync-local-mutations/,Content & Quran Journey,/v1/sync,authPostV1Sync,Pre-live,
209,User APIs (v1),Posts,Track post view,GET,Record that a post has been viewed by the current user (if authenticated).,QR Post Scope,OAuth2 user token,https://api-docs.quran.foundation/docs/user_related_apis_prelive/posts-controller-view-tracking/,Community activity,/v1/posts/viewed/{id},PostsController_viewTracking,Pre-live,
